,RM,LSTAT,PTRATIO,MEDV,PRED_MEDV_LR,PRED_MEDV_RF
0,6.575,4.98,15.3,504000.0,630636.304649907,618870.0
1,6.421,9.14,17.8,453600.0,523271.9340588179,488040.0
2,7.185,4.03,17.8,728700.0,653678.257697685,735840.0
3,6.997999999999999,2.94,18.7,701400.0,628424.7586454215,712530.0
4,7.147,5.33,18.7,760200.0,618840.9323726315,748860.0
5,6.43,5.21,18.7,602700.0,547283.5533741068,539070.0
6,6.0120000000000005,12.43,15.2,480900.0,498391.3892808356,475020.0
7,6.172000000000001,19.15,15.2,569100.0,445153.23722376535,513660.0
8,5.631,29.93,15.2,346500.0,278762.0027698855,336840.0
9,6.004,17.1,15.2,396900.0,449292.4438927981,418740.0
10,6.377000000000001,20.45,15.2,315000.0,452525.52157331933,321720.0
11,6.0089999999999995,13.27,15.2,396900.0,489401.39368719904,484260.0
12,5.888999999999999,15.71,15.2,455700.0,451988.5813672643,445200.0
13,5.949,8.26,21.0,428400.0,422092.69678049,426090.0
14,6.096,10.26,21.0,382200.0,416338.3148505254,392490.0
15,5.834,8.47,21.0,417900.0,408245.213642606,421470.0
16,5.935,6.58,21.0,485100.0,438042.0561534127,456330.0
17,5.99,14.67,21.0,367500.0,359977.61192167964,369810.0
18,5.456,11.69,21.0,424200.0,336572.2358690344,408030.0
19,5.727,11.28,21.0,382200.0,368326.59973539296,376110.0
20,5.57,21.02,21.0,285600.0,251676.84951506264,279510.0
21,5.965,13.83,21.0,411600.0,366124.7229752259,415590.0
22,6.142,18.72,21.0,319200.0,333534.37403572886,334530.0
23,5.813,19.88,21.0,304500.0,288136.3557457158,296310.0
24,5.9239999999999995,16.3,21.0,327600.0,336422.7134354925,340830.0
25,5.599,16.51,21.0,291900.0,301253.59624693246,326760.0
26,5.813,14.81,21.0,348600.0,340558.9535611006,358890.0
27,6.047000000000001,17.28,21.0,310800.0,338778.13146868115,319830.0
28,6.495,12.8,21.0,386400.0,430586.4218247039,402360.0
29,6.6739999999999995,11.98,21.0,441000.0,457239.18212696665,457590.0
30,5.712999999999999,22.6,21.0,266700.0,249859.04163296992,270270.0
31,6.072,13.04,21.0,304500.0,385157.0158593468,355320.0
32,5.95,27.71,21.0,277200.0,221085.8403023251,244230.0
33,5.7010000000000005,18.35,21.0,275100.0,292584.65479591524,284340.0
34,6.096,20.34,21.0,283500.0,312113.504992719,268170.0
35,5.933,9.68,19.2,396900.0,440860.59429605684,420420.0
36,5.841,11.41,19.2,420000.0,413631.8981629428,427560.0
37,5.85,8.77,19.2,441000.0,441842.65648977814,440790.0
38,5.966,10.13,19.2,518700.0,439558.24349251104,422520.0
39,6.595,4.32,18.3,646800.0,581033.0695326721,647010.0
40,7.024,1.98,18.3,732900.0,648785.1670960439,726600.0
41,6.77,4.84,17.9,558600.0,601218.8359337789,609000.0
42,6.169,5.81,17.9,531300.0,530168.7799163212,529410.0
43,6.211,7.44,17.9,518700.0,517579.29322762473,509880.0
44,6.069,9.55,17.9,445200.0,481344.90766320215,444360.0
45,5.682,10.21,17.9,405300.0,435227.9385529333,401940.0
46,5.7860000000000005,14.15,17.9,420000.0,405048.5582296414,421890.0
47,6.03,18.8,17.9,348600.0,381742.3689600696,377580.0
48,5.399,30.81,17.9,302400.0,193495.3829958702,324660.0
49,5.602,16.2,17.9,407400.0,365170.2316280468,420210.0
50,5.962999999999999,13.45,16.8,413700.0,451692.12429707526,479640.0
51,6.115,9.43,16.8,430500.0,508690.7728746661,452130.0
52,6.511,5.28,16.8,525000.0,591807.2987620814,565740.0
53,5.997999999999999,8.43,16.8,491400.0,507151.33964343683,463260.0
54,5.888,14.8,21.1,396900.0,346328.6168126013,370650.0
55,7.249,4.81,17.9,743400.0,650162.6607739453,739410.0
56,6.382999999999999,5.77,17.3,518700.0,564001.7529320118,531510.0
57,6.816,3.95,15.1,663600.0,669652.581144305,664020.0
58,6.145,6.86,19.7,489300.0,481800.4044517386,490560.0
59,5.9270000000000005,9.22,19.7,411600.0,435264.67727210594,412440.0
60,5.7410000000000005,13.15,19.7,392700.0,375744.53326956485,392910.0
61,5.966,14.44,19.7,336000.0,385250.847062296,349860.0
62,6.456,6.73,19.7,466200.0,514720.89833963604,485940.0
63,6.7620000000000005,9.5,19.7,525000.0,517148.4219140612,512190.0
64,7.104,8.05,18.6,693000.0,588299.5226119226,699300.0
65,6.29,4.67,16.1,493500.0,589316.2983399464,534450.0
66,5.787000000000001,10.24,16.1,407400.0,480653.4289522974,429240.0
67,5.877999999999999,8.1,18.9,462000.0,457458.9932047078,440160.0
68,5.593999999999999,13.09,18.9,365400.0,377028.6046561692,373170.0
69,5.885,8.79,18.9,438900.0,451035.2779506544,437220.0
70,6.417000000000001,6.72,19.2,508200.0,520607.58233617723,503370.0
71,5.961,9.88,19.2,455700.0,441635.52625960327,435120.0
72,6.065,5.52,19.2,478800.0,497276.1778628781,481740.0
73,6.245,7.54,19.2,491400.0,494665.54316893674,497910.0
74,6.273,6.78,18.7,506100.0,515109.6659055898,521220.0
75,6.2860000000000005,8.94,18.7,449400.0,494095.68875824474,522480.0
76,6.279,11.97,18.7,420000.0,462055.4860885838,449610.0
77,6.14,10.27,18.7,436800.0,465520.1918794728,443520.0
78,6.232,12.34,18.7,445200.0,453457.78905825515,446250.0
79,5.874,9.1,18.7,426300.0,450610.31132139754,439740.0
80,6.727,5.29,19.0,588000.0,570765.4437431702,563220.0
81,6.619,7.22,19.0,501900.0,539844.2895820321,510930.0
82,6.3020000000000005,6.72,19.0,520800.0,512828.6567659427,512820.0
83,6.167000000000001,7.51,19.0,480900.0,490953.47934173176,487830.0
84,6.388999999999999,9.62,18.5,501900.0,501419.61120417726,517440.0
85,6.63,6.53,18.5,558600.0,557838.5918746974,533820.0
86,6.015,12.86,18.5,472500.0,429945.9645358213,470610.0
87,6.121,8.44,18.5,466200.0,486410.0650934945,464520.0
88,7.007000000000001,5.5,17.8,495600.0,620406.1831123724,621600.0
89,7.079,5.7,17.8,602700.0,625648.5050674889,645540.0
90,6.417000000000001,8.81,17.8,474600.0,526277.9294472451,500640.0
91,6.405,8.2,17.8,462000.0,531366.8057170935,478800.0
92,6.442,8.16,18.2,480900.0,527742.6503643927,491400.0
93,6.211,6.21,18.2,525000.0,524451.3905299511,519330.0
94,6.249,10.59,18.2,432600.0,483021.4295509073,449610.0
95,6.625,6.65,18.0,596400.0,565833.1807808803,587160.0
96,6.162999999999999,11.34,18.0,449400.0,470432.0979494413,445200.0
97,8.068999999999999,4.21,18.0,812700.0,737673.8192107913,863520.0
98,7.82,3.57,18.0,919800.0,719009.9013670728,832440.0
99,7.416,6.19,18.0,697200.0,650900.9599644772,697620.0
100,6.727,9.42,20.9,577500.0,491038.7530958942,535710.0
101,6.781000000000001,7.67,20.9,556500.0,514616.04403939756,519960.0
102,6.405,10.63,20.9,390600.0,445834.46779676777,415170.0
103,6.1370000000000005,13.44,20.9,405300.0,389569.26778403646,401940.0
104,6.167000000000001,12.33,20.9,422100.0,404092.35230537964,422310.0
105,5.851,16.47,20.9,409500.0,329201.75130419177,377370.0
106,5.836,18.66,20.9,409500.0,305034.69673027494,325080.0
107,6.127000000000001,14.09,20.9,428400.0,381833.1060030941,429450.0
108,6.474,12.27,20.9,415800.0,435882.9364286167,413280.0
109,6.229,15.55,20.9,407400.0,377093.27444751,366450.0
110,6.195,13.0,20.9,455700.0,400007.595714048,403410.0
111,6.715,10.16,17.8,478800.0,542575.6635893909,482580.0
112,5.912999999999999,16.21,17.8,394800.0,398591.76239350275,400050.0
113,6.0920000000000005,17.09,17.8,392700.0,407666.9257951435,400680.0
114,6.254,10.45,17.8,388500.0,492771.06903263275,458010.0
115,5.928,15.76,17.8,384300.0,404767.6295514889,389760.0
116,6.176,12.04,17.8,445200.0,468411.38197314437,437850.0
117,6.021,10.3,17.8,403200.0,470665.17282786197,434280.0
118,5.872000000000001,15.37,17.8,428400.0,403114.3679955691,409290.0
119,5.731,13.61,17.8,405300.0,406996.39637798606,454860.0
120,5.87,14.37,19.1,462000.0,387919.2198420417,423150.0
121,6.004,14.27,19.1,426300.0,402558.42928645917,422730.0
122,5.961,17.93,19.1,430500.0,360349.0387348555,458220.0
123,5.856,25.41,19.1,363300.0,272346.7953467801,345030.0
124,5.879,17.58,19.1,394800.0,355642.3653049716,425460.0
125,5.986000000000001,14.81,19.1,449400.0,395147.38869687606,449400.0
126,5.6129999999999995,27.26,19.1,329700.0,228546.0574693964,337890.0
127,5.693,17.19,21.2,340200.0,299869.3196518504,320250.0
128,6.431,15.39,21.2,378000.0,393411.206790263,364350.0
129,5.6370000000000005,18.34,21.2,300300.0,282292.82325654355,303870.0
130,6.457999999999999,12.6,21.2,403200.0,425000.4981824213,404880.0
131,6.3260000000000005,12.26,21.2,411600.0,415113.8475878352,427140.0
132,6.372000000000001,11.12,21.2,483000.0,431571.63044713996,453600.0
133,5.822,15.03,21.2,386400.0,335300.7826810814,374850.0
134,5.757000000000001,17.31,21.2,327600.0,305126.56991184456,313320.0
135,6.335,16.96,21.2,380100.0,367430.746355514,349020.0
136,5.942,16.9,21.2,365400.0,328149.2169764977,356370.0
137,6.454,14.59,21.2,359100.0,404018.2436829407,370440.0
138,5.857,21.32,21.2,279300.0,273817.2798238922,283080.0
139,6.151,18.46,21.2,373800.0,333239.28933941474,357630.0
140,6.1739999999999995,24.16,21.2,294000.0,276637.8674944195,244230.0
141,5.019,34.41,21.2,302400.0,53386.310667832906,303660.0
142,5.403,26.82,14.7,281400.0,297512.4810572467,293160.0
143,5.468,26.42,14.7,327600.0,308247.9396069721,311640.0
144,4.9030000000000005,29.29,14.7,247800.0,221207.47137817874,324240.0
145,6.13,27.8,14.7,289800.0,361192.9798838082,297360.0
146,5.627999999999999,16.65,14.7,327600.0,425512.4774859365,358890.0
147,4.926,29.53,14.7,306600.0,221061.15487282875,324240.0
148,5.186,28.32,14.7,373800.0,259970.48154746986,341880.0
149,5.597,21.45,14.7,323400.0,372734.13633664313,308280.0
150,6.122000000000001,14.1,14.7,451500.0,502035.47865131707,440580.0
151,5.404,13.28,14.7,411600.0,437614.402079978,402990.0
152,5.012,12.12,14.7,321300.0,409808.14346267004,345030.0
153,5.709,15.79,14.7,407400.0,442628.7324131926,354060.0
154,6.129,15.12,14.7,357000.0,492199.64164596633,355110.0
155,6.152,15.02,14.7,327600.0,495568.8445207408,400470.0
156,5.272,16.14,14.7,275100.0,394640.5102606914,366450.0
157,6.943,4.59,14.7,867300.0,683724.0596450451,674940.0
158,6.066,6.43,14.7,510300.0,575655.6908815907,502110.0
159,6.51,7.39,14.7,489300.0,610809.5447927526,504840.0
160,6.25,5.5,14.7,567000.0,603953.4830545401,561330.0
161,5.854,11.64,14.7,476700.0,500260.8290305142,449400.0
162,6.101,9.81,14.7,525000.0,544260.8980131135,511350.0
163,5.877000000000001,12.14,14.7,499800.0,497426.17417565745,424620.0
164,6.319,11.1,14.7,499800.0,553056.4906708221,483630.0
165,6.402,11.32,14.7,468300.0,559208.8648661769,476700.0
166,5.875,14.43,14.7,365400.0,473545.0539927961,361410.0
167,5.88,12.03,14.7,401100.0,498868.142864909,424620.0
168,5.572,14.69,16.6,485100.0,403069.1737142382,466620.0
169,6.416,9.04,16.6,495600.0,547181.496567174,492870.0
170,5.859,9.64,16.6,474600.0,484424.54280789243,457380.0
171,6.546,5.33,16.6,617400.0,598741.1236553368,618450.0
172,6.02,10.11,16.6,487200.0,495911.4403585328,472920.0
173,6.315,6.29,16.6,516600.0,565361.153832183,510090.0
174,6.86,6.92,16.6,627900.0,614181.8201571102,531090.0
175,6.98,5.04,17.8,781200.0,622421.1210890505,773220.0
176,7.765,7.56,17.8,835800.0,676067.2173378401,804930.0
177,6.144,9.45,17.8,760200.0,491942.35693642613,456960.0
178,7.155,4.82,17.8,795900.0,642463.897298812,782670.0
179,6.563,5.68,17.8,682500.0,573464.9995149109,633780.0
180,5.604,13.98,17.8,554400.0,390276.172090257,500850.0
181,6.153,13.15,17.8,621600.0,454599.01858682366,433860.0
182,6.782,6.68,15.2,672000.0,636024.350708948,642390.0
183,6.556,4.56,15.2,625800.0,634998.5085181557,626010.0
184,7.185,5.39,15.2,732900.0,690279.8758868095,706230.0
185,6.9510000000000005,5.1,15.2,777000.0,669520.014894902,759360.0
186,6.739,4.69,15.2,640500.0,652234.6204447057,619920.0
187,7.178,2.87,15.2,764400.0,715625.3572162387,720510.0
188,6.8,5.03,15.6,653100.0,647118.1133737918,645960.0
189,6.604,4.38,15.6,611100.0,633938.7674669281,634200.0
190,7.287000000000001,4.08,12.6,699300.0,764844.8832259793,693000.0
191,7.107,8.61,12.6,636300.0,699730.0710381116,692370.0
192,7.274,6.62,12.6,726600.0,737261.9748245454,716100.0
193,6.975,4.56,17.0,732900.0,642465.3787682825,719040.0
194,7.135,4.45,17.0,690900.0,659847.8072001825,700980.0
195,6.162000000000001,7.43,14.7,506100.0,575062.9607077523,495810.0
196,7.61,3.11,14.7,888300.0,766748.4797200449,919380.0
197,7.853,3.81,14.7,1018500.0,784182.8222464953,997080.0
198,5.891,10.87,18.6,474600.0,435983.57174232206,452550.0
199,6.3260000000000005,10.97,18.6,512400.0,479115.83741616475,478800.0
200,5.7829999999999995,18.06,18.6,472500.0,350675.2648180827,463680.0
201,6.064,14.66,18.6,512400.0,414360.83561094577,453810.0
202,5.343999999999999,23.09,18.6,420000.0,254093.88919302193,389130.0
203,5.96,17.27,18.6,455700.0,376814.7690524289,450660.0
204,5.404,23.98,18.6,405300.0,250983.3956704524,395640.0
205,5.807,16.03,18.6,470400.0,374101.74164722214,473340.0
206,6.375,9.38,18.6,590100.0,500531.10834484553,583590.0
207,5.412000000000001,29.55,18.6,497700.0,194203.16913944838,448350.0
208,6.182,9.47,18.6,525000.0,480004.9326769225,506310.0
209,5.888,13.51,16.4,489300.0,451251.2839448566,471240.0
210,6.642,9.69,16.4,602700.0,567303.9975578415,551880.0
211,5.9510000000000005,17.92,16.4,451500.0,412049.4198472692,452340.0
212,6.372999999999999,10.5,16.4,483000.0,531616.7917198304,479640.0
213,6.9510000000000005,9.71,17.4,560700.0,578984.427020503,623070.0
214,6.164,21.46,17.4,455700.0,377586.85125387955,392280.0
215,6.879,9.93,17.4,577500.0,569399.4046546443,547890.0
216,6.617999999999999,7.6,17.4,632100.0,566991.3069941107,588630.0
217,8.266,4.14,17.4,940800.0,770090.9480707659,962850.0
218,8.04,3.13,17.4,789600.0,757587.9690801558,917700.0
219,7.162999999999999,6.36,17.4,663600.0,635147.3299097222,673050.0
220,7.686,3.92,17.4,980700.0,713477.3732888114,940590.0
221,6.5520000000000005,3.76,17.4,661500.0,599994.911476396,673260.0
222,5.981,11.65,17.4,510300.0,460439.6440320486,484260.0
223,7.412000000000001,5.25,17.4,665700.0,671905.8327981989,667590.0
224,8.337,2.47,17.4,875700.0,794567.0950258494,921270.0
225,8.247,3.95,17.4,1014300.0,770126.4027948501,984900.0
226,6.726,8.05,17.4,609000.0,573303.8254943776,578760.0
227,6.086,10.88,17.4,504000.0,479062.0784770802,481110.0
228,6.631,9.54,17.4,527100.0,548252.0776809637,537390.0
229,7.358,4.73,17.4,661500.0,671799.8035984675,678090.0
230,6.481,6.36,16.6,497700.0,581491.6144894984,501900.0
231,6.606,7.37,16.6,489300.0,583739.9028176405,524370.0
232,6.897,11.38,16.6,462000.0,571823.1465567317,490980.0
233,6.095,12.4,16.6,422100.0,479848.25266091945,438060.0
234,6.358,11.22,16.6,466200.0,518751.9812212315,475020.0
235,6.393,5.19,16.6,497700.0,584654.3570791391,533400.0
236,5.593,12.5,19.1,369600.0,379130.32580397726,370440.0
237,5.605,18.46,19.1,388500.0,318723.71811158274,394170.0
238,6.108,9.16,19.1,510300.0,465953.9030517733,469560.0
239,6.226,10.15,19.1,430500.0,467698.26550254726,442680.0
240,6.433,9.52,19.1,514500.0,495229.35539718356,525630.0
241,6.718,6.56,19.1,550200.0,554771.5568845203,551250.0
242,6.487,5.9,19.1,512400.0,538142.0029313712,549570.0
243,6.438,3.59,19.1,520800.0,557051.8072452942,536130.0
244,6.957000000000001,3.53,19.1,621600.0,610367.0886006423,718410.0
245,8.259,3.54,19.1,898800.0,742457.8220860064,874020.0
246,6.108,6.57,16.4,459900.0,545346.1883087768,483210.0
247,5.876,9.25,16.4,438900.0,494080.2947366292,452970.0
248,7.454,3.11,15.9,924000.0,727526.3073944423,884730.0
249,7.332999999999999,7.79,13.0,756000.0,723360.40137954,698460.0
250,6.8420000000000005,6.9,13.0,632100.0,682710.779302865,598500.0
251,7.202999999999999,9.59,13.0,709800.0,691549.7213973703,710640.0
252,7.52,7.26,13.0,905100.0,747826.8831715544,883470.0
253,8.398,5.91,13.0,1024800.0,850930.2997131941,1005900.0
254,7.327000000000001,11.25,13.0,651000.0,686975.6322610276,649740.0
255,7.206,8.1,13.0,766500.0,707260.562864774,738360.0
256,5.56,10.45,13.0,478800.0,515841.1217693717,495180.0
257,7.013999999999999,14.79,13.0,644700.0,618593.4837616236,597660.0
258,7.47,3.16,13.0,913500.0,785143.3314548266,860160.0
259,5.92,13.65,18.6,434700.0,410183.4470591711,496230.0
260,5.856,13.0,18.6,443100.0,410406.27112701815,437850.0
261,6.24,6.59,18.6,529200.0,515672.2820407681,531510.0
262,6.537999999999999,7.73,18.6,512400.0,534141.3663882848,512820.0
263,7.691,6.58,18.6,739200.0,663098.0178006948,777840.0
264,6.757999999999999,3.53,17.6,680400.0,619391.3572649484,631470.0
265,6.854,2.98,17.6,672000.0,634825.2595593245,659400.0
266,7.267,6.05,17.6,697200.0,645014.7344757069,716310.0
267,6.8260000000000005,4.16,17.6,695100.0,619781.454817626,668850.0
268,6.482,7.19,17.6,611100.0,553525.1060761662,576870.0
269,6.812,4.85,14.9,737100.0,663837.8755492663,649530.0
270,7.82,3.76,14.9,953400.0,777452.0605346749,991830.0
271,6.968,4.59,14.9,743400.0,682365.1420507042,702450.0
272,7.645,3.01,14.9,966000.0,767438.8543211508,952980.0
273,7.087999999999999,7.85,15.3,676200.0,653046.8912145838,668010.0
274,6.452999999999999,8.23,15.3,462000.0,584645.221213535,487620.0
275,6.23,12.93,18.2,422100.0,456897.28418171254,427140.0
276,6.209,7.14,16.6,487200.0,545810.0067658164,507780.0
277,6.315,7.6,16.6,468300.0,551816.0644558213,479010.0
278,6.565,9.51,16.6,520800.0,557450.0150292043,489090.0
279,6.861000000000001,3.33,19.2,598500.0,600739.4047871664,642390.0
280,7.148,3.56,19.2,783300.0,627500.8258600648,760410.0
281,6.63,4.7,19.2,585900.0,563120.1321820978,569100.0
282,6.127000000000001,8.58,16.0,501900.0,534286.7798627018,478170.0
283,6.0089999999999995,10.4,16.0,455700.0,503487.68371148774,481110.0
284,6.678,6.27,16.0,600600.0,614115.5386071275,571620.0
285,6.5489999999999995,7.39,16.0,569100.0,589437.4289759242,537600.0
286,5.79,15.84,16.0,426300.0,425003.9552623635,430500.0
287,6.345,4.97,14.8,472500.0,617130.4548194048,488670.0
288,7.041,4.74,14.8,609000.0,690174.5874218135,681240.0
289,6.871,6.07,14.8,520800.0,659162.3323658216,542850.0
290,6.59,9.5,16.1,462000.0,569834.7208316657,484470.0
291,6.495,8.67,16.1,554400.0,568771.2229061595,529620.0
292,6.982,4.86,16.1,695100.0,657611.6041687434,723870.0
293,7.236000000000001,6.93,18.4,758100.0,617179.4343775571,746760.0
294,6.6160000000000005,8.93,18.4,596400.0,533550.3223672665,522060.0
295,7.42,6.47,18.4,701400.0,640617.5379956288,705810.0
296,6.849,7.53,18.4,592200.0,571682.8510402516,557970.0
297,6.635,4.54,18.4,478800.0,580870.9816460349,548520.0
298,5.972,9.97,18.4,426300.0,457410.6245471657,415590.0
299,4.973,12.64,18.4,338100.0,328373.3985235189,355740.0
300,6.122000000000001,5.98,18.4,464100.0,513896.01705683983,495180.0
301,6.023,11.72,18.4,407400.0,444494.1506290003,414540.0
302,6.266,7.9,18.4,453600.0,508664.22138534015,471240.0
303,6.567,9.28,18.4,499800.0,524956.3574131571,509670.0
304,5.705,11.5,18.4,340200.0,414481.852615032,359730.0
305,5.914,18.33,18.4,373800.0,365081.37458602036,393750.0
306,5.782,15.94,18.4,415800.0,376391.23790100793,445410.0
307,6.382000000000001,10.36,18.4,485100.0,495006.0692170823,478380.0
308,6.1129999999999995,12.73,18.4,441000.0,443188.8332820296,448140.0
309,6.426,7.2,19.6,499800.0,508763.86574437225,502320.0
310,6.376,6.87,19.6,485100.0,507099.4079597943,503370.0
311,6.041,7.7,19.6,428400.0,464504.3218767735,438060.0
312,5.707999999999999,11.74,19.6,388500.0,388921.6601216599,389340.0
313,6.415,6.12,19.6,525000.0,518813.9621598162,493500.0
314,6.431,5.08,19.6,516600.0,531191.8210093238,511560.0
315,6.312,6.15,19.6,483000.0,508046.0154294316,486360.0
316,6.082999999999999,12.79,19.6,466200.0,416139.25561386946,429240.0
317,5.867999999999999,9.97,16.9,405300.0,476080.3943296347,432180.0
318,6.332999999999999,7.34,16.9,474600.0,550486.1603948253,471660.0
319,6.144,9.09,16.9,415800.0,513202.10470445885,418740.0
320,5.706,12.43,16.9,359100.0,434196.4599419107,371280.0
321,6.031000000000001,7.83,16.9,407400.0,514757.1361856067,421890.0
322,6.316,5.68,20.2,466200.0,501620.2082603436,479640.0
323,6.31,6.75,20.2,434700.0,489947.47243152926,487410.0
324,6.037000000000001,8.01,20.2,443100.0,449201.2469334248,438480.0
325,5.869,9.8,20.2,409500.0,413635.7641328171,420630.0
326,5.895,10.56,20.2,388500.0,408417.36570060585,416850.0
327,6.059,8.51,20.2,432600.0,446265.0604878504,445620.0
328,5.985,9.74,20.2,399000.0,426033.8144290109,406560.0
329,5.968,9.29,20.2,392700.0,428960.67068403674,395220.0
330,7.2410000000000005,5.49,15.5,686700.0,689085.8576353001,684600.0
331,6.54,8.65,15.9,346500.0,577444.1471083802,526260.0
332,6.696000000000001,7.18,17.6,501900.0,575356.2641185393,530460.0
333,6.874,4.61,17.6,655200.0,620002.0778748427,635250.0
334,6.013999999999999,10.53,18.8,367500.0,448090.26941842085,394590.0
335,5.898,12.67,18.8,361200.0,414185.5123261719,413700.0
336,6.516,6.36,17.9,485100.0,559713.3723098,496440.0
337,6.635,5.99,17.0,514500.0,593158.7770020429,543690.0
338,6.939,5.89,19.7,558600.0,572446.0574776747,524790.0
339,6.49,5.98,19.7,480900.0,525927.7945860703,509880.0
340,6.579,5.49,18.3,506100.0,567311.0415084109,577500.0
341,5.8839999999999995,7.79,18.3,390600.0,472965.1313294916,452550.0
342,6.728,4.5,17.0,632100.0,618007.461634022,600390.0
343,5.662999999999999,8.05,22.0,382200.0,375739.97522926144,401310.0
344,5.936,5.57,22.0,432600.0,429100.7114442831,435330.0
345,6.212000000000001,17.6,20.2,373800.0,367810.9492637139,317100.0
346,6.395,13.27,20.2,455700.0,431162.40364719,417900.0
347,6.127000000000001,11.48,20.2,476700.0,422460.1128949656,468090.0
348,6.112,12.67,20.2,474600.0,408632.8212037676,474600.0
349,6.398,7.79,20.2,525000.0,488128.89901664207,511980.0
350,6.251,14.19,20.2,417900.0,407029.272731768,421260.0
351,5.362,10.19,20.2,436800.0,358126.74011478183,418950.0
352,5.803,14.64,20.2,352800.0,356890.2267931024,355950.0
353,3.5610000000000004,7.12,20.2,577500.0,207011.4172825027,441630.0
354,4.963,14.0,20.2,459900.0,278221.1388353384,438900.0
355,3.863,13.33,20.2,485100.0,173464.03017750476,408450.0
356,4.906000000000001,34.77,20.2,289800.0,57676.96309036919,305970.0
357,4.138,37.97,20.2,289800.0,-53386.53980537498,336840.0
358,7.313,13.44,20.2,315000.0,522610.6442357973,360360.0
359,6.649,23.24,20.2,291900.0,353863.99174872896,260190.0
360,6.794,21.24,20.2,279300.0,389265.5981682049,201600.0
361,6.38,23.69,20.2,275100.0,321899.1005484966,248850.0
362,6.223,21.78,20.2,214200.0,325707.5879118414,204750.0
363,6.968,17.21,20.2,218400.0,448601.3393704079,387240.0
364,6.545,21.08,20.2,228900.0,365638.5941407812,231000.0
365,5.5360000000000005,23.6,20.2,237300.0,237137.01664236723,250530.0
366,5.52,24.56,20.2,258300.0,225586.33882347698,244440.0
367,4.368,30.63,20.2,184800.0,45859.58561880782,181650.0
368,5.277,30.81,20.2,151200.0,136290.64426213028,158760.0
369,4.652,28.28,20.2,220500.0,98993.0001569686,187530.0
370,5.0,31.99,20.2,155400.0,95965.47343177319,157500.0
371,4.88,30.62,20.2,214200.0,97947.15769499744,153720.0
372,5.39,20.85,20.2,241500.0,250747.75232508848,256200.0
373,5.712999999999999,17.11,20.2,317100.0,322213.1693082112,270060.0
374,6.051,18.76,20.2,487200.0,339470.23821424175,319410.0
375,5.0360000000000005,25.68,20.2,203700.0,164864.5144875596,259560.0
376,6.193,15.17,20.2,289800.0,391007.4728450882,281820.0
377,5.8870000000000005,16.35,20.2,266700.0,347737.8858839235,280560.0
378,6.471,17.12,20.2,275100.0,399070.71744325274,294840.0
379,6.405,19.37,20.2,262500.0,369105.16596977983,271740.0
380,5.747000000000001,19.92,20.2,178500.0,296610.5096921664,260190.0
381,5.452999999999999,30.59,20.2,105000.0,156434.95206260926,144900.0
382,5.852,29.97,20.2,132300.0,203356.70974617952,128730.0
383,5.987,26.77,20.2,117600.0,250150.7157177431,141960.0
384,6.343,20.32,20.2,151200.0,352987.4326067116,200130.0
385,6.404,20.31,20.2,254100.0,359284.25726930663,243180.0
386,5.349,19.77,20.2,174300.0,257751.90101900726,335370.0
387,5.531000000000001,27.38,20.2,178500.0,197545.05499210238,175140.0
388,5.683,22.98,20.2,105000.0,258472.8134651262,152250.0
389,4.138,23.34,20.2,249900.0,97884.19116880241,250530.0
390,5.608,12.13,20.2,585900.0,363044.37143881334,388500.0
391,5.617000000000001,26.4,20.2,361200.0,216409.73941887234,303450.0
392,6.852,19.78,20.2,577500.0,410250.4842385899,493290.0
393,5.757000000000001,10.11,20.2,315000.0,399058.89947881375,349650.0
394,6.657,21.22,20.2,361200.0,375562.5654975612,238770.0
395,4.628,34.37,20.2,375900.0,33587.08602399047,336840.0
396,5.155,20.08,20.2,342300.0,234849.44592616847,308490.0
397,4.519,36.98,20.2,147000.0,-4466.638488113938,336840.0
398,6.434,29.05,20.2,151200.0,271960.67739586864,152460.0
399,6.782,25.79,20.2,157500.0,341001.29796322394,207270.0
400,5.303999999999999,26.64,20.2,218400.0,182148.80843244068,201180.0
401,5.957000000000001,20.62,20.2,184800.0,310694.30972493923,236040.0
402,6.824,22.74,20.2,176400.0,376801.90156565176,187320.0
403,6.4110000000000005,15.02,20.2,350700.0,414692.32405391213,339780.0
404,6.006,15.7,20.2,298200.0,366540.9910530738,314580.0
405,5.648,14.1,20.2,436800.0,346736.3021885573,394590.0
406,6.103,23.29,20.2,281400.0,297910.75507283537,255990.0
407,5.565,17.16,20.2,245700.0,306669.50573788467,260610.0
408,5.896,24.39,20.2,174300.0,265519.97662332107,187320.0
409,5.837000000000001,15.69,20.2,214200.0,349485.54985064274,316050.0
410,6.202000000000001,14.52,20.2,228900.0,398642.1030353132,337890.0
411,6.193,21.52,20.2,231000.0,325349.9785398232,204750.0
412,6.38,24.08,20.2,199500.0,317866.59302423627,204750.0
413,6.348,17.64,20.2,304500.0,381205.6550859857,304500.0
414,6.832999999999999,19.69,20.2,296100.0,409251.9626744018,349020.0
415,6.425,12.03,20.2,338100.0,447029.65734328673,449610.0
416,6.436,16.22,20.2,300300.0,404822.8983625871,307650.0
417,6.207999999999999,15.17,20.2,245700.0,392530.4467058508,281820.0
418,6.629,23.27,20.2,281400.0,351523.16704789724,260190.0
419,6.461,18.05,20.2,201600.0,388439.4220551491,299460.0
420,6.152,26.45,20.2,182700.0,270212.1523086014,232890.0
421,5.935,34.02,20.2,176400.0,169907.79210072075,216300.0
422,5.627000000000001,22.88,20.2,268800.0,253821.0206732179,234150.0
423,5.818,22.11,20.2,220500.0,281175.1719199547,206220.0
424,6.406000000000001,19.52,20.2,359100.0,367655.73312808963,271740.0
425,6.218999999999999,16.59,20.2,386400.0,378964.8309102825,369810.0
426,6.485,18.85,20.2,323400.0,382604.36992619414,322350.0
427,5.854,23.79,20.2,226800.0,267459.5075428173,220080.0
428,6.459,23.98,20.2,247800.0,326921.56497919094,226170.0
429,6.341,17.79,20.2,312900.0,378943.96951855544,303870.0
430,6.251,16.44,20.2,264600.0,383764.8062456505,360990.0
431,6.185,18.13,20.2,296100.0,359589.5219865002,313950.0
432,6.417000000000001,19.31,20.2,273000.0,370943.9308313532,278040.0
433,6.749,17.44,20.2,281400.0,423987.775540249,299040.0
434,6.655,17.73,20.2,319200.0,411445.27477681515,315420.0
435,6.297000000000001,17.27,20.2,338100.0,379853.2562259991,296730.0
436,7.393,16.74,20.2,373800.0,496611.9539802253,396900.0
437,6.728,18.71,20.2,312900.0,408724.11327412835,310800.0
438,6.525,18.13,20.2,296100.0,394110.2628304519,316890.0
439,5.976,19.01,20.2,266700.0,329270.42818974913,325920.0
440,5.936,16.94,20.2,283500.0,346612.47372827696,302400.0
441,6.301,16.23,20.2,312900.0,391012.73598689673,302820.0
442,6.081,14.7,20.2,420000.0,384495.6232396056,360990.0
443,6.7010000000000005,16.42,20.2,344400.0,429660.81732618215,343350.0
444,6.376,14.65,20.2,371700.0,414964.43064540543,372750.0
445,6.317,13.99,20.2,409500.0,415798.3102956671,433230.0
446,6.513,10.29,20.2,424200.0,473955.62474235793,467040.0
447,6.209,13.22,20.2,449400.0,412794.5159178701,426930.0
448,5.7589999999999995,14.13,20.2,417900.0,357696.11587171874,404040.0
449,5.952000000000001,17.15,20.2,399000.0,346065.6289743862,334740.0
450,6.002999999999999,21.32,20.2,401100.0,308126.928880041,223020.0
451,5.926,18.13,20.2,401100.0,333292.83999066654,360570.0
452,5.712999999999999,14.76,20.2,422100.0,346511.6120826006,363720.0
453,6.167000000000001,16.29,20.2,417900.0,376787.11705778807,377790.0
454,6.229,12.87,20.2,411600.0,418444.06474117184,429240.0
455,6.437,14.36,20.2,487200.0,424156.3889151617,364560.0
456,6.98,11.66,20.2,625800.0,507205.40245810786,406140.0
457,5.4270000000000005,18.14,20.2,289800.0,282525.1785938045,280980.0
458,6.162000000000001,24.1,20.2,279300.0,295525.9109901659,196770.0
459,6.484,18.68,20.2,350700.0,384260.59802553884,334950.0
460,5.303999999999999,24.91,20.2,252000.0,200036.59821954434,253260.0
461,6.185,18.03,20.2,306600.0,360623.4982747721,313950.0
462,6.229,13.11,20.2,449400.0,415962.52164931933,416640.0
463,6.242000000000001,10.74,20.2,483000.0,441787.67036069074,471660.0
464,6.75,7.74,20.2,497700.0,524385.0070933397,506730.0
465,7.061,7.01,20.2,525000.0,563509.3587108685,517020.0
466,5.7620000000000005,10.42,20.2,457800.0,396361.23093875847,389130.0
467,5.871,13.34,20.2,432600.0,377236.0667094272,420840.0
468,6.312,10.58,20.2,445200.0,450549.243772151,451500.0
469,6.114,14.98,20.2,401100.0,384951.032126122,330540.0
470,5.905,11.45,20.2,432600.0,400230.29264216113,413910.0
471,5.454,18.06,20.1,319200.0,288042.3162549338,292110.0
472,5.414,23.97,20.1,147000.0,222873.05398936497,223230.0
473,5.093,29.68,20.1,170100.0,131241.367308721,162120.0
474,5.983,18.07,20.1,285600.0,341649.13011566666,333060.0
475,5.983,13.35,20.1,422100.0,390452.81092209986,422940.0
476,5.707000000000001,12.01,19.2,457800.0,393822.80727716576,384930.0
477,5.926,13.59,19.2,514500.0,399721.4002896035,498330.0
478,5.67,17.6,19.2,485100.0,332266.8639062194,427560.0
479,5.39,21.14,19.2,413700.0,267235.25790049316,345240.0
480,5.794,14.1,19.2,384300.0,381045.9512447062,410550.0
481,6.019,12.92,19.2,445200.0,416091.47935775307,444360.0
482,5.569,15.1,19.2,367500.0,347861.58045054873,378210.0
483,6.027,14.33,19.2,352800.0,402324.6664188595,369390.0
484,6.593,9.67,21.0,470400.0,472899.97553792945,479220.0
485,6.12,9.08,21.0,432600.0,430975.9932293538,443520.0
486,6.976,5.64,21.0,501900.0,553455.819200091,523530.0
487,6.794,6.48,21.0,462000.0,526291.6688680211,522060.0
488,6.03,7.88,21.0,249900.0,434245.8655240411,425670.0
